id,name,slug,description,price,stock,image1,image2,available,created_at,updated_at,category_id
1,HP elitebook,hp-elitebook,"Touchscreen
16GB ram
1 TB storage",48000,25,media/images_3.jpg,media/images_2.jpg,1,2025-11-24 05:56:19.142280,2025-11-24 05:56:19.142415,1
2,Mac-book pro,mac-book-pro,"APPLE macBook
1TB
Nvidia Geforce Graphics card",80000,25,media/download_5.jpg,media/download_4.jpg,1,2025-11-24 15:39:20.503599,2025-11-24 15:39:20.503686,1
3,Iphone 13,iphone-13,"Mint Condition
32GB Ram
1TB Rom
60Mp Front camera",65000,25,media/download_8_jm8Ygja.jpg,media/download_9_Lcfmfrv.jpg,1,2025-11-25 04:25:04.051051,2025-11-25 04:51:24.156353,2
4,Iphone 16,iphone-16,"Quality Front camera
64GB ram
1tb ROM",120000,30,media/download_6.jpg,media/download_7.jpg,1,2025-11-25 04:26:30.662154,2025-11-25 04:39:48.663060,2
5,Iphone17,iphone17-pro,"64gb ram
2tb ROM
HD Screen",95000,25,media/images_4.jpg,media/download_10.jpg,1,2025-11-25 05:01:39.272361,2025-11-25 19:27:45.069615,2
